#,Song,Artist,Popularity,Genres,Parent Genres,Album,Album Date,Time,Dance,Energy,Acoustic,Instrumental,Happy,Speech,Live,Loud,Tempo,Key,Camelot,Time Signature,Added At,Spotify Track Id
1,Light Switch,Charlie Puth,91,"dance pop, pop, viral pop",Pop,Light Switch,2022-01-20,3:05,69,63,11,0,91,31,9,-6,184,F#/G♭ Major,2B,4,2022-02-11,1BSMpVGWs3v5BZKnAQziAc
2,Lookalike,Conan Gray,73,"bedroom pop, indie pop, pop","Pop, Rock",Sunset Season,2018-11-16,3:40,43,30,77,0,17,4,15,-10,122,A#/B♭ Major,6B,4,2022-02-11,4K3gM7kzX4POAfrs71HomN
3,The Very First Night (Taylor's Version) (From The Vault),Taylor Swift,78,pop,Pop,Red (Taylor's Version),2021-11-12,3:20,68,73,0,0,58,3,10,-5,121,G Major,9B,4,2022-02-11,6pYNq0ZwpPVazKzsqpf0G8
4,I Still Haven't Found What I'm Looking For,U2,0,"irish rock, permanent wave, rock","World/Traditional, Rock",The Joshua Tree,1987-03-10,4:37,56,63,2,0,68,4,7,-13,101,C♯/D♭ Major,3B,4,2022-02-11,5MEMiHV54Y5ODV1zvEPsyp
5,People Watching,Conan Gray,81,"bedroom pop, indie pop, pop","Pop, Rock",People Watching,2021-07-15,2:38,53,59,39,0,54,5,31,-7,126,F Major,7B,4,2022-02-11,4JeOesjcWWlprTAvucDSJX
6,Wildest Dreams (Taylor's Version),Taylor Swift,86,pop,Pop,Wildest Dreams (Taylor's Version),2021-09-17,3:40,58,67,4,0,50,6,13,-7,140,G#/A♭ Major,4B,4,2022-02-11,1Ov37jtRQ2YNAe8HzfczkL
7,What A Time (feat. Niall Horan),"Julia Michaels,Niall Horan",85,"alt z, dance pop, electropop, pop, post-teen pop",Pop,Inner Monologue Part 1,2019-01-24,2:53,52,47,66,0,39,3,9,-6,133,C Major,8B,4,2022-02-11,5WtfUKzXircvW8l5aaVZWT
8,Telepath,Conan Gray,76,"bedroom pop, indie pop, pop","Pop, Rock",Telepath,2021-10-29,3:14,61,82,0,0,74,5,7,-5,75,A Major,11B,4,2022-02-11,3Z39gbqdaGL3WJXBG0gcuE
9,Red (Taylor's Version),Taylor Swift,82,pop,Pop,Red (Taylor's Version),2021-11-12,3:43,52,78,0,0,41,4,8,-5,125,C♯/D♭ Minor,12A,4,2022-02-11,4OAuvHryIVv4kMDNSLuPt6
10,hope ur ok,Olivia Rodrigo,79,pop,Pop,SOUR,2021-05-21,3:29,44,30,39,0,17,6,10,-12,77,C Major,8B,4,2022-02-11,1zejeOnykpCoyVSit6Bwp3
11,Secret,Joshua Bassett,72,"alt z, pop, post-teen pop, social media pop",Pop,Crisis / Secret / Set Me Free,2021-12-03,3:12,61,82,3,0,59,6,8,-6,145,D Major,10B,4,2022-02-11,77Gfhrr1Uh9Pv57MUUmVuY
12,I Knew You Were Trouble (Taylor's Version),Taylor Swift,77,pop,Pop,Red (Taylor's Version),2021-11-12,3:39,58,56,1,0,77,3,6,-6,154,F#/G♭ Major,2B,4,2022-02-11,6AtZLIzUINvExIUy4QhdjP
13,Happier Than Ever - Edit,Billie Eilish,87,"art pop, electropop, pop",Pop,Happier Than Ever (Edit),2021-07-28,2:31,33,60,5,0,13,4,21,-6,162,C Major,8B,3,2022-02-11,32BeYxKPrig1LefHsC0Xuo
14,Wish You Were Sober,Conan Gray,74,"bedroom pop, indie pop, pop","Pop, Rock",Kid Krow,2020-03-20,2:48,70,73,2,0,70,5,17,-5,91,D Major,10B,4,2022-02-11,0kn2gu8Pd03DiYHzRvX2Xk
15,traitor,Olivia Rodrigo,92,pop,Pop,SOUR,2021-05-21,3:49,38,34,69,0,8,3,12,-8,101,D#/E♭ Major,5B,4,2022-02-11,5CZ40GBx1sQ9agT82CLQCT
16,Two Ghosts,Harry Styles,75,pop,Pop,Harry Styles,2017-05-12,3:49,39,41,23,0,46,3,10,-7,69,F#/G♭ Minor,11A,4,2022-02-11,4B1rpPmQXwj78wk6aIGwwU
17,All Too Well (10 Minute Version) (Taylor's Version) (From The Vault),Taylor Swift,91,pop,Pop,Red (Taylor's Version),2021-11-12,10:13,63,52,27,0,21,3,9,-9,93,C Major,8B,4,2022-02-11,5enxwA8aAbwZbf5qCHORXi
18,Smokin Out The Window,"Bruno Mars,Anderson .Paak,Silk Sonic",74,"dance pop, pop, escape room,",Pop,An Evening With Silk Sonic,2021-11-12,3:17,63,62,6,0,85,4,35,-9,82,D Major,10B,4,2022-02-11,6M4jdLdM7wLGungMV9gsCS
19,Wrecked,Imagine Dragons,80,"modern rock, rock",Rock,Wrecked,2021-07-02,4:04,63,56,15,0,23,3,11,-6,94,C Minor,5A,4,2022-02-11,2d1MywHy6FwKdzxFuSJnwl
20,THATS WHAT I WANT,Lil Nas X,94,"lgbtq+ hip hop, pop","Hip Hop, Pop",MONTERO,2021-09-17,2:23,74,85,1,0,55,22,5,-5,88,C♯/D♭ Minor,12A,4,2022-02-11,0e8nrvls4Qqv5Rfa2UhqmO
21,Points of Authority,Linkin Park,69,"alternative metal, nu metal, post-grunge, rap metal",Metal,Hybrid Theory (Bonus Edition),2000-10-24,3:20,51,97,3,0,43,21,10,-4,95,G#/A♭ Minor,1A,4,2022-02-11,5egqKwgK5r5rvGD1LrtR7J
22,God is a woman,Ariana Grande,81,"dance pop, pop",Pop,Sweetener,2018-08-17,3:17,60,66,2,0,27,6,24,-6,145,C♯/D♭ Major,3B,4,2022-02-11,5OCJzvD7sykQEKHH7qAC3C
23,Always Been You,Shawn Mendes,60,"canadian pop, dance pop, pop, viral pop",Pop,Wonder,2020-12-04,2:47,37,39,23,0,31,4,8,-7,125,D#/E♭ Major,5B,4,2022-02-11,56KDoLjFIm7Yc7fX1XgpNw
24,Abrázame Muy Fuerte,Juan Gabriel,75,"cancion melodica, latin, latin pop, mariachi, ranchera, regional mexican",Latin,Abrázame Muy Fuerte,2000-12-12,3:59,52,39,69,0,31,6,13,-7,136,E Minor,9A,4,2022-02-11,2nejvFyJeTDtMRP2nUMt0J
25," thank u, next",Ariana Grande,25,"dance pop, pop",Pop,"thank u, next",2018-11-03,3:27,72,65,28,0,44,7,10,-6,107,C♯/D♭ Major,3B,4,2022-02-11,2rPE9A1vEgShuZxxzR2tZH
26,Moral of the Story (feat. Niall Horan) - Bonus Track,"Ashe,Niall Horan",72,"alt z, electropop, pop, dance pop, post-teen pop",Pop,Ashlyn,2021-05-07,3:18,58,37,50,0,22,4,22,-9,120,A#/B♭ Major,6B,4,2022-02-11,5v6qYImm5k36GHlFxdEZyv
27,Lie To Me,5 Seconds of Summer,70,"boy band, dance pop, electropop, pop, post-teen pop",Pop,Youngblood (Deluxe),2018-06-15,2:30,63,48,1,0,69,4,10,-6,160,C Major,8B,4,2022-02-11,3567eNX2L3RkkMkwspncMH
28,Enchanted,Taylor Swift,84,pop,Pop,Speak Now,2010-01-01,5:52,54,62,7,0,23,3,17,-4,82,G#/A♭ Major,4B,4,2022-02-11,04S1pkp1VaIqjg8zZqknR5
29,Ghost Of You,5 Seconds of Summer,80,"boy band, dance pop, electropop, pop, post-teen pop",Pop,Youngblood (Deluxe),2018-06-15,3:17,46,56,10,0,21,3,16,-5,150,A#/B♭ Major,6B,3,2022-02-11,1MhXdlCQPnO56T57MfmaRm
30,Getaway Car,Taylor Swift,79,pop,Pop,reputation,2017-11-10,3:53,56,69,0,0,35,13,9,-7,172,D Major,10B,4,2022-02-11,0VE4kBnHJUgtMf0dy6DRmW
31,Walking in the Wind,One Direction,71,"boy band, pop, post-teen pop, talent show",Pop,Made In The A.M. (Deluxe Edition),2015-11-13,3:22,69,45,8,0,50,5,9,-7,115,G#/A♭ Major,4B,4,2022-02-11,1ZycJRpLOazlLcoFGxGROO
32,deja vu,Olivia Rodrigo,90,pop,Pop,SOUR,2021-05-21,3:35,44,61,58,0,18,11,37,-7,181,D Major,10B,4,2022-02-11,6HU7h9RYOaPRFeh0R3UeAr
33,pov,Ariana Grande,81,"dance pop, pop",Pop,Positions,2020-10-30,3:21,49,53,36,0,17,6,10,-6,132,C Minor,5A,4,2022-02-11,3UoULw70kMsiVXxW0L3A33
34,Look Up At The Stars,Shawn Mendes,61,"canadian pop, dance pop, pop, viral pop",Pop,Wonder,2020-12-04,3:31,36,59,6,0,45,4,19,-5,168,D Major,10B,4,2022-02-11,0UauNGiFTVXTsgvVz6LBMf
35,fOoL fOr YoU,ZAYN,72,"dance pop, electropop, pop, post-teen pop, uk pop",Pop,Mind Of Mine (Deluxe Edition),2016-03-25,3:22,52,51,28,0,17,3,10,-7,78,G Major,9B,4,2022-02-11,6lvsJDZ7336YmpBzcNGhbe
36,Fool's Gold,One Direction,71,"boy band, pop, post-teen pop, talent show",Pop,FOUR (Deluxe),2014-11-17,3:30,52,77,23,0,38,5,9,-5,128,F#/G♭ Major,2B,4,2022-02-11,0L5gFNrzHyh4OhMwEz6DGS
37,Right Now,One Direction,70,"boy band, pop, post-teen pop, talent show",Pop,Midnight Memories (Deluxe),2013-11-25,3:20,65,78,22,0,37,3,9,-5,120,G#/A♭ Major,4B,4,2022-02-11,1dQQ2QlnvXUehsRUrukKmf
38,It'll Be Okay,Shawn Mendes,90,"canadian pop, dance pop, pop, viral pop",Pop,It'll Be Okay,2021-12-01,3:42,40,29,62,0,7,3,9,-12,78,G Major,9B,4,2022-02-11,2KnLkZ3z7PO3kgVGHGqDpD
39,If I Could Fly,One Direction,74,"boy band, pop, post-teen pop, talent show",Pop,Made In The A.M. (Deluxe Edition),2015-11-13,3:50,56,25,78,0,31,3,10,-9,75,F Major,7B,4,2022-02-11,5CRVwXGikmqzoRO6q7FeAg
40,Falling,Harry Styles,87,pop,Pop,Fine Line,2019-12-13,4:00,57,27,84,0,6,3,9,-7,110,E Major,12B,4,2022-02-11,1ZMiCix7XSAbfAJlEZWMCp
41," Girl Crush - Recorded at Metropolis Studios, London",Harry Styles,75,pop,Pop,Spotify Singles,2017-09-27,4:03,47,20,66,0,25,3,11,-12,144,E Major,12B,3,2022-02-11,4YutJsNwBBInE8vemufpQ8
42,Irresistible,One Direction,62,"boy band, pop, post-teen pop, talent show",Pop,Take Me Home (Expanded Edition),2012-11-12,3:56,54,49,3,0,26,2,11,-9,88,G Major,9B,4,2022-02-11,7y2SafCBiLoQVBDVZHaVOK
43,Fine Line,Harry Styles,80,pop,Pop,Fine Line,2019-12-13,6:17,31,35,17,0,5,3,5,-9,121,D Major,10B,4,2022-02-11,6VzcQuzTNTMFnJ6rBSaLH9
44,Let Somebody Go,"Coldplay,Selena Gomez",81,"permanent wave, pop, dance pop, post-teen pop","Pop, Rock",Music Of The Spheres,2021-10-15,4:01,59,34,19,0,16,3,11,-9,131,C Major,8B,4,2022-02-11,4cGqn0E8JCSY9gQllQj4Mf
45,Sweet Creature,Harry Styles,79,pop,Pop,Harry Styles,2017-05-12,3:44,43,26,75,0,23,3,7,-9,104,G Major,9B,4,2022-02-11,5kRPPEWFJIMox5qIkQkiz5
46,The One That Got Away,Katy Perry,72,"dance pop, pop, post-teen pop",Pop,Teenage Dream,2010-01-01,3:47,69,80,0,0,88,4,16,-4,134,C♯/D♭ Minor,12A,4,2022-02-11,6hkOqJ5mE093AQf2lbZnsG
47,Used to This,Camila Cabello,58,"dance pop, pop, post-teen pop",Pop,Romance,2019-12-06,3:30,58,50,36,0,36,8,35,-8,100,C♯/D♭ Minor,12A,4,2022-02-11,3r73OmpBtQAwMgawxOmlg0
48,Cherry,Harry Styles,76,pop,Pop,Fine Line,2019-12-13,4:19,53,51,62,0,41,3,13,-9,96,G Major,9B,4,2022-02-11,2IOFZdYYkFxEHVz1w34PoL
49,Hesitate,Jonas Brothers,58,"boy band, dance pop, pop, post-teen pop",Pop,Happiness Begins,2019-06-07,3:28,62,49,23,0,24,3,9,-7,118,D Major,10B,4,2022-02-11,7fiFJADUcHwTdYLmnZeLAy
50,This Love,Camila Cabello,63,"dance pop, pop, post-teen pop",Pop,Romance,2019-12-06,3:40,49,50,25,0,16,3,11,-6,180,G#/A♭ Major,4B,3,2022-02-11,7cHje4KLujM18aBSLvaySE
51,From the Dining Table,Harry Styles,77,pop,Pop,Harry Styles,2017-05-12,3:31,67,16,80,5,20,4,11,-16,94,G#/A♭ Major,4B,4,2022-02-11,1IF5UcqRO42D12vYwceOY6
52,needy,Ariana Grande,75,"dance pop, pop",Pop,"thank u, next",2019-02-08,2:51,65,31,78,0,20,4,20,-8,87,G Minor,6A,4,2022-02-11,1TEL6MlSSVLSdhOSddidlJ
53,Maniac,Conan Gray,84,"bedroom pop, indie pop, pop","Pop, Rock",Kid Krow,2020-03-20,3:05,63,64,0,0,49,4,35,-5,108,G#/A♭ Major,4B,4,2022-02-11,6KfoDhO4XUWSbnyKjNp9c4
54,happier,Olivia Rodrigo,88,pop,Pop,SOUR,2021-05-21,2:55,40,44,77,0,34,13,8,-10,169,F#/G♭ Major,2B,3,2022-02-11,2tGvwE8GcFKwNdAXMnlbfl
55,Never Be Me,Miley Cyrus,66,"dance pop, pop, post-teen pop",Pop,Plastic Hearts,2020-11-27,3:35,48,56,6,0,15,4,34,-8,165,C♯/D♭ Minor,12A,4,2022-02-11,1M7qLcfozANPcMKfgMEHOt
56,I Want to Write You a Song,One Direction,67,"boy band, pop, post-teen pop, talent show",Pop,Made In The A.M. (Deluxe Edition),2015-11-13,2:59,71,44,78,0,46,3,14,-8,106,F Major,7B,4,2022-02-11,608R6FvRtAqf2dvgKMzebP
57,Easy,Camila Cabello,61,"dance pop, pop, post-teen pop",Pop,Romance,2019-12-06,3:14,57,59,41,0,36,5,10,-6,128,E Minor,9A,4,2022-02-11,7DoNtK2gVFRwJh0hkHe5wQ
58,Look After You,The Fray,74,"neo mellow, piano rock, pop, pop rock","Folk/Acoustic, Pop",How To Save A Life,2005-09-13,4:26,45,59,6,0,28,3,13,-3,78,F#/G♭ Minor,11A,4,2022-02-11,5l6hpyTGBK0LAAxgPnqTQL
59,To Be So Lonely,Harry Styles,75,pop,Pop,Fine Line,2019-12-13,3:12,76,44,62,0,61,4,34,-7,105,C Major,8B,4,2022-02-11,5JiH89mHrv9oWHlD0T326z
60,Ever Since New York,Harry Styles,70,pop,Pop,Harry Styles,2017-05-12,4:13,39,54,20,0,38,3,13,-7,128,A#/B♭ Major,6B,5,2022-02-11,5LABCxgmP7DATATIJXOh6n
61,For The Lover That I Lost,Sam Smith,63,"dance pop, pop, uk pop",Pop,Love Goes,2020-10-30,2:59,49,29,82,0,41,4,13,-8,137,E Major,12B,4,2022-02-11,2Dmm6Ln91KMvF5EcOvQbM8
62,Angels Like You,Miley Cyrus,79,"dance pop, pop, post-teen pop",Pop,Plastic Hearts,2020-11-27,3:16,67,64,10,0,49,3,10,-4,122,F Major,7B,4,2022-02-11,1daDRI9ahBonbWD8YcxOIB
63,That Should Be Me,Justin Bieber,73,"canadian pop, pop",Pop,My World 2.0,2010-01-01,3:52,55,60,20,0,23,3,15,-6,140,G#/A♭ Major,4B,4,2022-02-11,0aPZbnkMoWJaJ5CNVLCj8S
64,Forgive Myself,Sam Smith,58,"dance pop, pop, uk pop",Pop,Love Goes,2020-10-30,3:40,76,16,92,0,21,4,12,-10,122,D#/E♭ Major,5B,4,2022-02-11,5wHRQRy339ghP31x0hUWcQ
65,Infinity,One Direction,70,"boy band, pop, post-teen pop, talent show",Pop,Made In The A.M. (Deluxe Edition),2015-11-13,4:09,54,71,7,0,32,3,8,-6,132,E Major,12B,4,2022-02-11,6N5xh0tYYLTQRiCCaNbAUt
66,When I Look At You,Miley Cyrus,76,"dance pop, pop, post-teen pop",Pop,The Time Of Our Lives (International Version),2009-01-01,4:08,46,55,14,0,19,3,11,-5,138,F#/G♭ Major,2B,3,2022-02-11,6ZfXA2xakAvphXOSOJ3u1W
67,She,Harry Styles,79,pop,Pop,Fine Line,2019-12-13,6:02,54,52,0,37,46,3,19,-6,140,C Major,8B,3,2022-02-11,6SQLk9HSNketfgs2AyIiMs
68,Moments,One Direction,65,"boy band, pop, post-teen pop, talent show",Pop,Up All Night,2012-05-25,4:22,47,74,3,0,25,5,30,-5,150,D Major,10B,4,2022-02-11,3MxJGBnYaP4yQYUv90HLqZ
69,iT's YoU,ZAYN,63,"dance pop, electropop, pop, post-teen pop, uk pop",Pop,Mind Of Mine (Deluxe Edition),2016-03-25,3:46,61,32,82,2,18,4,11,-11,125,F Major,7B,4,2022-02-11,6dtWKqqdveI3YvdYJQKWWn
70,Payphone,"Maroon 5,Wiz Khalifa",77,"pop, pop rock, dance pop, hip hop, pittsburgh rap, pop rap, rap, southern hip hop, trap","Pop, Hip Hop",Overexposed,2012-01-01,3:51,74,76,1,0,52,4,37,-5,110,E Major,12B,4,2022-02-11,1LmN9SSHISbtp9LoaR5ZVJ
71,We Don't Talk Anymore (feat. Selena Gomez),"Charlie Puth,Selena Gomez",71,"dance pop, pop, viral pop, post-teen pop",Pop,Nine Track Mind,2016-01-29,3:37,73,56,62,0,35,13,18,-8,100,C♯/D♭ Minor,12A,4,2022-02-11,37FXw5QGFN7uwwsLy8uAc0
72,Youngblood,5 Seconds of Summer,83,"boy band, dance pop, electropop, pop, post-teen pop",Pop,Youngblood (Deluxe),2018-06-15,3:23,60,85,2,0,15,46,12,-5,120,G Minor,6A,4,2022-02-11,2iUXsYOEPhVqEBwsqP70rE
73,Stereo Hearts (feat. Adam Levine),"Gym Class Heroes,Adam Levine",84,"dance pop, pop rap,","Pop, Hip Hop",The Papercut Chronicles II,2011-11-11,3:30,65,80,3,0,80,10,27,-3,90,A Major,11B,4,2022-02-11,0qOnSQQF0yzuPWsXrQ9paz
74,Take Me To Church,Hozier,85,"irish singer-songwriter, pop","Folk/Acoustic, Pop",Hozier,2014-07-20,4:01,57,66,63,0,44,5,12,-5,129,E Minor,9A,4,2022-02-11,3dYD57lRAUcMHufyqn9GcI
75,Send My Love (To Your New Lover),Adele,2,"british soul, pop, pop soul, uk pop","R&B, Pop",25,2016-06-24,3:43,69,52,4,0,56,10,17,-8,164,F#/G♭ Minor,11A,4,2022-02-11,4BHzQ9C00ceJxfG16AlNWb
76,Blank Space,Taylor Swift,68,pop,Pop,1989,2014-01-01,3:51,75,68,9,0,58,6,13,-5,96,F Major,7B,4,2022-02-11,2ls70nUDfjzm1lSRDuKxmw
77,Wrecking Ball,Miley Cyrus,79,"dance pop, pop, post-teen pop",Pop,Bangerz (Deluxe Version),2013-10-04,3:41,53,42,41,0,35,3,11,-6,120,F Major,7B,4,2022-02-11,2vwlzO0Qp8kfEtzTsCXfyE
78,Roar,Katy Perry,76,"dance pop, pop, post-teen pop",Pop,PRISM (Deluxe),2013-10-18,3:43,55,77,0,0,46,4,35,-5,180,G Minor,6A,4,2022-02-11,6F5c58TMEs1byxUstkzVeM
79,A Sky Full of Stars,Coldplay,81,"permanent wave, pop","Rock, Pop",Ghost Stories,2014-05-19,4:27,55,68,1,0,16,3,21,-6,125,F#/G♭ Major,2B,4,2022-02-11,0FDzzruyVECATHXKHFs9eJ
80,Talking to the Moon,Bruno Mars,80,"dance pop, pop",Pop,Doo-Wops & Hooligans,2010-10-05,3:37,50,59,51,0,8,3,11,-5,146,C♯/D♭ Minor,12A,4,2022-02-11,1wVuPmvt6AWvTL5W2GJnzZ
81,We Are Never Ever Getting Back Together,Taylor Swift,63,pop,Pop,Red (Deluxe Edition),2012-10-22,3:13,63,68,1,0,75,9,12,-6,86,G Major,9B,4,2022-02-11,6kISMRfweKSvgHR0urMQFG
82,I Feel It Coming,"The Weeknd,Daft Punk",1,"canadian contemporary r&b, canadian pop, pop, electro, filter house","R&B, Pop, Hip Hop, Dance/Electronic",Starboy,2016-11-25,4:29,77,81,43,0,57,14,10,-6,93,C Minor,5A,4,2022-02-11,4RepvCWqsP6zBuzvwYibAS
83,34+35,Ariana Grande,85,"dance pop, pop",Pop,Positions,2020-10-30,2:53,83,59,24,0,49,9,25,-6,110,C Major,8B,4,2022-02-11,6Im9k8u9iIzKMrmV7BWtlF
84,IDGAF,Dua Lipa,81,"dance pop, pop, uk pop",Pop,Dua Lipa (Deluxe),2017-06-02,3:37,84,54,4,0,51,9,8,-6,97,G Major,9B,4,2022-02-11,76cy1WJvNGJTj78UqeA5zr
85,Hot N Cold,Katy Perry,76,"dance pop, pop, post-teen pop",Pop,One Of The Boys,2008-06-17,3:40,71,84,0,0,86,4,7,-4,132,G Major,9B,4,2022-02-11,0iGckQFyv6svOfAbAY9aWJ
86,august,Taylor Swift,80,pop,Pop,folklore,2020-07-24,4:21,53,62,54,0,40,3,9,-9,90,F Major,7B,4,2022-02-11,3hUxzQpSfdDqwM3ZTFQY0K
87,All Too Well (Taylor's Version),Taylor Swift,82,pop,Pop,Red (Taylor's Version),2021-11-12,5:29,44,53,2,0,13,3,23,-8,186,C Major,8B,4,2022-02-11,3nsfB1vus2qaloUdcBZvDu
88,Complicated,Avril Lavigne,0,"canadian pop, candy pop, dance pop, pop, post-teen pop",Pop,Let Go,2002-06-14,4:04,58,76,6,0,41,5,31,-6,78,F Major,7B,4,2022-02-11,34xZFT7artr3SGqgSoR88L
89,Jigsaw,Conan Gray,78,"bedroom pop, indie pop, pop","Pop, Rock",Jigsaw,2022-01-21,3:28,27,52,8,0,16,3,10,-6,168,A Major,11B,4,2022-02-11,1WzOonguDKuWQrTTf5yR0D
90,Skinny Dipping,Sabrina Carpenter,64,"alt z, dance pop, electropop, pop, post-teen pop, viral pop",Pop,Skinny Dipping,2021-09-09,2:57,46,54,27,0,41,14,14,-9,120,E Major,12B,5,2022-02-11,7u6HtmuMeuiVdwwFul5xHi
91,Nineteen,Dylan,70,"alt z, uk pop",Pop,Nineteen,2021-08-20,3:38,48,74,0,0,21,5,70,-6,95,C Major,8B,4,2022-02-11,1bkZht7OWHNYaLfge35Pqv
92,Crisis,Joshua Bassett,72,"alt z, pop, post-teen pop, social media pop",Pop,Crisis / Secret / Set Me Free,2021-12-03,3:09,59,51,18,0,46,5,18,-7,134,D Major,10B,4,2022-02-11,1mEM6KkVMwpuAuqusCMD6m
93,Bad Habits,Ed Sheeran,68,"pop, uk pop",Pop,Bad Habits,2021-06-25,3:51,81,90,5,0,59,3,36,-4,126,B Minor,10A,4,2022-02-11,6PQ88X9TkUIAUIZJHW2upE
94,You're Not Harry Styles,Dylan,67,"alt z, uk pop",Pop,You're Not Harry Styles,2021-11-26,2:56,55,77,1,0,67,7,9,-5,165,F#/G♭ Major,2B,4,2022-02-11,1yCrrZwlYPS3AqQHsJvFlu
95,Happier Than Ever,Billie Eilish,92,"art pop, electropop, pop",Pop,Happier Than Ever,2021-07-30,4:58,33,23,77,0,30,3,13,-9,81,C Major,8B,3,2022-02-11,4RVwu0g32PAqgUiJoXsdF8
96,forever&more,ROLE MODEL,69,"alt z, bedroom pop, indie pop, pop","Pop, Rock",forever&more,2021-07-22,2:55,69,64,30,0,51,8,12,-6,84,A Major,11B,4,2022-02-11,0UMFm4ndFr3PH5VsVYnCNG
97,305,Shawn Mendes,64,"canadian pop, dance pop, pop, viral pop",Pop,Wonder,2020-12-04,3:09,56,87,21,3,93,6,12,-5,165,F#/G♭ Major,2B,4,2022-02-11,5ld8E3DVBXCCWQ54yrkWVp
98,Feel Something,Joshua Bassett,62,"alt z, pop, post-teen pop, social media pop",Pop,Feel Something,2021-05-07,2:43,52,90,33,0,51,41,18,-5,200,C Major,8B,4,2022-02-11,0JU7KoyKSFgY1zJV2ex6Ee
99,Teach Me How To Love,Shawn Mendes,70,"canadian pop, dance pop, pop, viral pop",Pop,Wonder,2020-12-04,3:22,59,89,5,0,73,8,8,-5,99,A Minor,8A,4,2022-02-11,5LZtB6nxvjIhUoElp3Zqk0
100,Telling Myself,Joshua Bassett,58,"alt z, pop, post-teen pop, social media pop",Pop,Joshua Bassett,2021-03-12,2:49,77,81,18,0,89,5,7,-4,131,B Minor,10A,4,2022-02-11,6EiaFdYn2vrI0TSeKprX4R
101,Wonder,Shawn Mendes,75,"canadian pop, dance pop, pop, viral pop",Pop,Wonder,2020-12-04,2:52,44,63,14,0,13,5,13,-5,140,C♯/D♭ Minor,12A,4,2022-02-11,6ZuahEctZD6w75peme58hm
102,Monster (Shawn Mendes & Justin Bieber),"Shawn Mendes,Justin Bieber",74,"canadian pop, dance pop, pop, viral pop",Pop,Wonder,2020-12-04,2:58,64,39,6,0,50,6,8,-7,146,D Minor,7A,4,2022-02-11,1HbA4N1MiOsPthALesGFR1
103,Black And White,Niall Horan,77,"dance pop, pop, post-teen pop",Pop,Heartbreak Weather,2020-03-13,3:13,44,58,3,0,24,5,13,-6,148,D Major,10B,4,2022-02-11,7rpNuuoMbid56XkDsx2FjE
104,The Joker And The Queen (feat. Taylor Swift),"Ed Sheeran,Taylor Swift",0,"pop, uk pop",Pop,The Joker And The Queen (feat. Taylor Swift),2022-02-11,3:05,53,31,92,0,31,3,28,-7,134,C Major,8B,4,2022-02-11,6N1K5OVVCopBjGViHs2IvP
105,Sorry,Joshua Bassett,53,"alt z, pop, post-teen pop, social media pop",Pop,Joshua Bassett,2021-03-12,3:22,32,79,1,0,54,11,9,-5,188,A Minor,8A,4,2022-02-11,56vFGtnkALFOskmY5vhI6z
106,Lie Lie Lie,Joshua Bassett,67,"alt z, pop, post-teen pop, social media pop",Pop,Lie Lie Lie,2021-01-14,2:56,62,84,1,0,84,9,8,-4,101,G Major,9B,4,2022-02-11,1jOBlsvKhdqjZAlUAia4Qz
107,Shivers,Ed Sheeran,36,"pop, uk pop",Pop,Shivers,2021-09-10,3:27,79,86,28,0,82,9,4,-3,141,D Major,10B,4,2022-02-11,6bQfNiqyCX7UaQSvVVGo4I
108,Only a Matter of Time,Joshua Bassett,63,"alt z, pop, post-teen pop, social media pop",Pop,Only a Matter of Time,2021-01-28,3:14,50,27,88,0,45,3,12,-10,84,G Major,9B,5,2022-02-11,6QpPVC3iLIlWuYsm5kwIke
109,Anyone Else,Joshua Bassett,59,"alt z, pop, post-teen pop, social media pop",Pop,Anyone Else,2020-07-16,3:20,63,31,50,0,82,4,9,-9,165,B Major,1B,3,2022-02-11,6DSHbo7m9awD387qT89mKU
110,Woman,Doja Cat,95,"dance pop, pop",Pop,Planet Her,2021-06-25,2:52,82,76,9,0,88,9,12,-4,108,F Minor,4A,4,2022-02-11,6Uj1ctrBOjOas8xZXGqKk4
111,"Introducing Me - From ""Camp Rock 2: The Final Jam""",Nick Jonas,66,"dance pop, pop, post-teen pop",Pop,Camp Rock 2: The Final Jam,2010-01-01,3:06,51,50,46,0,68,5,11,-6,113,B Major,1B,4,2022-02-11,74tQaH4CxM5Rs9BzerEbHr
112,One Thing,One Direction,75,"boy band, pop, post-teen pop, talent show",Pop,Up All Night,2012-05-25,3:17,71,72,0,0,66,3,8,-4,127,D Major,10B,4,2022-02-11,5G2c6FsfTzgYUzageCmfXY
113,S.O.S.,Jonas Brothers,63,"boy band, dance pop, pop, post-teen pop",Pop,Jonas Brothers,2007-01-01,2:33,58,70,0,0,70,7,18,-4,137,G Major,9B,4,2022-02-11,6sDP4912wjwB7BJhbSnjS1
114,Best Song Ever,One Direction,78,"boy band, pop, post-teen pop, talent show",Pop,Midnight Memories (Deluxe),2013-11-25,3:20,65,88,2,0,49,5,8,-3,118,C♯/D♭ Major,3B,4,2022-02-11,5T7ZFtCcOgkpjxcuaeZbw0
115,The Climb,Miley Cyrus,75,"dance pop, pop, post-teen pop",Pop,The Time Of Our Lives (International Version),2009-01-01,3:54,34,60,6,0,30,3,14,-6,161,E Major,12B,4,2022-02-11,5x5JM1BSB6vollcIzDocqT
116,She Looks So Perfect,5 Seconds of Summer,75,"boy band, dance pop, electropop, pop, post-teen pop",Pop,5 Seconds Of Summer,2014-06-27,3:22,49,95,0,0,44,13,33,-4,160,A Major,11B,4,2022-02-11,1gugDOSMREb34Xo0c1PlxM
117,One Less Lonely Girl,Justin Bieber,71,"canadian pop, pop",Pop,My World,2009-01-01,3:49,58,75,16,0,73,19,27,-4,87,E Major,12B,4,2022-02-11,69ghzc538EQSVon2Gm3wrr
118,She's Kinda Hot,5 Seconds of Summer,72,"boy band, dance pop, electropop, pop, post-teen pop",Pop,Sounds Good Feels Good (Deluxe),2015-10-23,3:36,66,91,0,0,89,3,11,-5,118,E Major,12B,4,2022-02-11,5fsQSDifYpjfbCqvZKPVBj
119,Can I Have This Dance - Original Version,"High School Musical Cast,Vanessa Hudgens,Zac Efron",68,"dance pop, post-teen pop, pop, hollywood, show tunes","Pop, Easy listening",High School Musical 3: Senior Year,2008-01-01,4:03,56,62,20,0,43,3,27,-5,136,C Major,8B,3,2022-02-11,6YXG34IWbilypPwjBTOrUC
120,I Don't Care (with Justin Bieber),"Ed Sheeran,Justin Bieber",76,"pop, uk pop, canadian pop",Pop,No.6 Collaborations Project,2019-07-12,3:39,80,68,9,0,84,4,9,-5,102,F#/G♭ Major,2B,4,2022-02-11,0hVXuCcriWRGvwMV1r5Yn9
121,Lose You To Love Me,Selena Gomez,83,"dance pop, pop, post-teen pop",Pop,Rare,2020-01-10,3:26,49,34,56,0,10,4,21,-9,103,E Major,12B,4,2022-02-11,4l0Mvzj72xxOpRrp6h8nHi
122,Levitating (feat. DaBaby),"Dua Lipa,DaBaby",73,"dance pop, pop, uk pop, north carolina hip hop, rap, trap","Pop, Hip Hop",Future Nostalgia (The Moonlight Edition),2021-02-11,3:23,70,83,1,0,92,6,7,-4,103,F#/G♭ Minor,11A,4,2022-02-11,0v2boHmWtxMTD2REGN8MbK
123,My Universe,"Coldplay,BTS",87,"permanent wave, pop, k-pop, k-pop boy group","Pop, Rock",Music Of The Spheres,2021-10-15,3:46,57,71,1,0,47,4,33,-6,105,C♯/D♭ Minor,12A,4,2022-02-11,46HNZY1i7O6jwTA7Slo2PI
124,Say You Won't Let Go,James Arthur,87,"pop, talent show, uk pop",Pop,Back from the Edge,2016-10-28,3:31,36,56,70,0,49,6,9,-7,85,A#/B♭ Major,6B,4,2022-02-11,5uCax9HTNlzGybIStD3vDh
125,I Like Me Better,Lauv,85,"dance pop, electropop, pop",Pop,I met you when I was 18. (the playlist),2018-05-31,3:17,75,51,54,0,42,25,10,-8,92,A Major,11B,4,2022-02-11,2P91MQbaiQOfbiz9VqhqKQ
126,Easy On Me,Adele,91,"british soul, pop, pop soul, uk pop","R&B, Pop",30,2021-11-19,3:44,60,37,58,0,13,3,13,-8,142,F Major,7B,4,2022-02-11,46IZ0fSY2mpAiktS3KOqds
127,All of Me,John Legend,88,"neo soul, pop, pop soul, r&b, urban contemporary","R&B, Pop",Love In The Future (Expanded Edition),2013-08-30,4:29,42,26,92,0,33,3,13,-7,120,G#/A♭ Major,4B,4,2022-02-11,3U4isOIWM3VvDubwSI3y7a
128,FourFiveSeconds,"Rihanna,Kanye West,Paul McCartney",80,"barbadian pop, dance pop, pop, pop rap, urban contemporary, chicago rap, rap, album rock, beatlesque, classic rock, mellow gold, rock, soft rock","Rock, Pop, Folk/Acoustic, Hip Hop",FourFiveSeconds,2015-01-24,3:08,58,27,88,0,35,5,13,-6,206,D Major,10B,4,2022-02-11,78TTtXnFQPzwqlbtbwqN0y
129,Shallow,"Lady Gaga,Bradley Cooper",86,"art pop, dance pop, pop, hollywood","Pop, Easy listening",A Star Is Born Soundtrack,2018-10-05,3:35,57,39,37,0,32,3,23,-6,96,G Major,9B,4,2022-02-11,2VxeLyX666F8uXCJ0dZF8B
130,Just the Way You Are,Bruno Mars,83,"dance pop, pop",Pop,Doo-Wops & Hooligans,2010-10-05,3:40,64,84,1,0,42,4,6,-5,109,F Major,7B,4,2022-02-11,7BqBn9nzAq8spo5e7cZ0dJ
131,Black Magic,Little Mix,78,"dance pop, girl group, pop, post-teen pop, talent show, uk pop",Pop,Get Weird (Expanded Edition),2015-11-06,3:31,78,88,3,0,85,6,31,-6,112,E Major,12B,4,2022-02-11,6rmXhRIemCTPyMYZRDN7Qg
132,Stay - Album Version (Edited),"Rihanna,Mikky Ekko",70,"barbadian pop, dance pop, pop, pop rap, urban contemporary, nashville indie","Pop, Folk/Acoustic, Hip Hop",Unapologetic (Edited Version),2012-01-01,4:00,62,31,95,0,13,3,12,-10,112,A Minor,8A,4,2022-02-11,789CxjEOtO76BVD1A9yJQH
133,Little League,Conan Gray,63,"bedroom pop, indie pop, pop","Pop, Rock",Kid Krow,2020-03-20,3:14,56,78,2,0,54,11,11,-6,142,E Minor,9A,4,2022-02-11,3XOHxCoPkXW0pvR6xl4f0M
134,Beside You,5 Seconds of Summer,53,"boy band, dance pop, electropop, pop, post-teen pop",Pop,5 Seconds Of Summer,2014-06-27,3:40,38,82,0,0,56,11,11,-5,153,G Major,9B,4,2022-02-11,04iBN2ttkQBfGLj6DYlhKF
135,Illusion,One Direction,60,"boy band, pop, post-teen pop, talent show",Pop,FOUR (Deluxe),2014-11-17,3:14,56,70,0,0,54,4,15,-5,123,C♯/D♭ Major,3B,4,2022-02-11,23xx852ectQgmp1G78zSpd
136,Night Changes,One Direction,85,"boy band, pop, post-teen pop, talent show",Pop,FOUR (Deluxe),2014-11-17,3:46,67,52,86,0,37,4,12,-8,120,G#/A♭ Major,4B,4,2022-02-11,5O2P9iiztwhomNh8xkR9lJ
137,Where Do Broken Hearts Go,One Direction,69,"boy band, pop, post-teen pop, talent show",Pop,FOUR (Deluxe),2014-11-17,3:49,56,86,0,0,65,3,11,-4,123,E Major,12B,4,2022-02-11,6HFywc5eQYRRYHYTatCb5Y
138,18,One Direction,80,"boy band, pop, post-teen pop, talent show",Pop,FOUR (Deluxe),2014-11-17,4:08,68,58,22,0,22,3,12,-8,124,F#/G♭ Minor,11A,4,2022-02-11,3JjnGLK8IxkNLvo8Lb3KOM
139,Ready to Run,One Direction,69,"boy band, pop, post-teen pop, talent show",Pop,FOUR (Deluxe),2014-11-17,3:16,52,83,0,0,30,4,17,-4,115,D Major,10B,4,2022-02-11,7GtGeeChOx4NS77bqK8SUx
140,Steal My Girl,One Direction,81,"boy band, pop, post-teen pop, talent show",Pop,FOUR (Deluxe),2014-11-17,3:48,54,77,0,0,55,3,11,-6,77,A#/B♭ Minor,3A,4,2022-02-11,2Bs4jQEGMycglOfWPBqrVG
141,A.M.,One Direction,69,"boy band, pop, post-teen pop, talent show",Pop,Made In The A.M. (Deluxe Edition),2015-11-13,3:29,59,53,23,0,51,3,10,-5,142,D#/E♭ Major,5B,4,2022-02-11,5omYVLodGmaxnhua99xIE8
142,Miss You,Louis Tomlinson,70,pop,Pop,Miss You,2017-12-01,3:02,54,69,2,0,68,21,26,-5,180,D#/E♭ Major,5B,3,2022-02-11,3zxrecYFao03IrrcyFiaMU
143,Put A Little Love On Me,Niall Horan,72,"dance pop, pop, post-teen pop",Pop,Heartbreak Weather,2020-03-13,3:44,59,47,67,0,26,3,11,-5,96,A#/B♭ Major,6B,4,2022-02-11,7LyBwug9tJgbaEzRCqtY78
144,Over Again,One Direction,69,"boy band, pop, post-teen pop, talent show",Pop,Take Me Home (Expanded Edition),2012-11-12,3:02,37,57,30,0,50,9,13,-7,73,D Major,10B,4,2022-02-11,6l3vk93IWfe0wq396JTCM6
145,Perfect,One Direction,80,"boy band, pop, post-teen pop, talent show",Pop,Made In The A.M. (Deluxe Edition),2015-11-13,3:50,65,82,6,0,40,8,12,-5,100,D Major,10B,4,2022-02-11,3NLnwwAQbbFKcEcV8hDItk
146,Unconditionally,Katy Perry,81,"dance pop, pop, post-teen pop",Pop,PRISM,2013-01-01,3:48,43,73,0,0,35,4,21,-5,129,G Major,9B,4,2022-02-11,009ImBOrIUlWgla8U05RAC
147,Sad Beautiful Tragic (Taylor's Version),Taylor Swift,72,pop,Pop,Red (Taylor's Version),2021-11-12,4:44,60,41,62,0,23,3,13,-12,130,G Major,9B,3,2022-02-11,73qMN9bXy7MSPwwGfH3wQr
148,Comfort Crowd,Conan Gray,71,"bedroom pop, indie pop, pop","Pop, Rock",Kid Krow,2020-03-20,2:54,68,43,16,0,40,3,15,-7,91,C Major,8B,4,2022-02-11,6uaBrivDHCaV0uBTiwHTUi
149,Karpe Diem,Ed Maverick,0,"chihuahua indie, indie triste, mexican indie",Latin,Mix Pa Llora en Tu Cuarto,2018-03-02,3:23,75,33,68,0,52,3,15,-13,95,F Major,7B,4,2022-02-11,1ljVUpHfizYZxnUkFs7LHD
150,Habit,Louis Tomlinson,67,pop,Pop,Walls,2020-01-31,3:03,49,70,1,0,23,3,24,-6,75,G Major,9B,4,2022-02-11,3As9Uyx1ZYKbdcEn3d7zma
151,Hold On,Shawn Mendes,58,"canadian pop, dance pop, pop, viral pop",Pop,Illuminate (Deluxe),2017-04-20,3:19,56,28,75,0,39,4,16,-9,133,C♯/D♭ Major,3B,5,2022-02-11,66P8MvPsqu5sN0UgzLYZrf
152,Everything Has Changed (feat. Ed Sheeran) (Taylor’s Version),"Taylor Swift,Ed Sheeran",75,"pop, uk pop",Pop,Red (Taylor's Version),2021-11-12,4:05,50,61,27,0,47,4,22,-5,80,F#/G♭ Major,2B,4,2022-02-11,7qEUFOVcxRI19tbT68JcYK
153," 1, 2, 3, 4",Plain White T's,63,"neo mellow, pop punk, pop rock","Folk/Acoustic, Rock, Pop",Big Bad World,2008-01-01,3:18,46,55,57,0,56,3,11,-7,91,D Major,10B,4,2022-02-11,5VWmMZCfJ4yVkJw9ZLFXej
154,More Than Words,Extreme,76,"album rock, funk metal, glam metal, hard rock, rock","Rock, Metal",Extreme II - Pornograffitti,1990-01-01,5:34,63,13,47,0,24,3,11,-15,92,F#/G♭ Major,2B,4,2022-02-11,1gVgkQFOKa8Wc1HYsJtPdH
155,Easily,Bruno Major,80,"chill r&b, pop","R&B, Pop",A Song For Every Moon,2017-08-31,3:30,77,26,49,1,36,5,14,-9,119,G Minor,6A,3,2022-02-11,2k9N4caeCIJLOWwWwssrEM
156,The Man,Taylor Swift,78,pop,Pop,Lover,2019-08-23,3:10,78,66,8,0,63,5,9,-5,110,C Major,8B,4,2022-02-11,3RauEVgRgj1IuWdJ9fDs70
157,Too Young,Louis Tomlinson,66,pop,Pop,Walls,2020-01-31,3:49,57,56,5,0,23,3,32,-8,100,E Major,12B,4,2022-02-11,22sujfahhWDfZejuepLYuE
158,Don't Let It Break Your Heart,Louis Tomlinson,67,pop,Pop,Walls,2020-01-31,3:24,54,63,22,0,46,3,10,-5,82,A#/B♭ Major,6B,4,2022-02-11,4nbQRLAPq202lsQsv9FNwK
159,We Made It,Louis Tomlinson,63,pop,Pop,Walls,2020-01-31,3:21,53,78,2,0,69,3,36,-5,155,A#/B♭ Major,6B,4,2022-02-11,3tCYlGxMS5ht2g3vB36SiJ
160,Tu Reputación,Ricardo Arjona,54,"cantautor, latin, latin arena pop, latin pop, rock en espanol",Latin,Canciones De Amor,2012-01-23,4:48,51,58,40,0,43,3,14,-6,141,F Major,7B,4,2022-02-11,7358un4Y2JUCStFzRMN2vZ
161,Another Sad Love Song,Khalid,67,"pop, pop r&b",Pop,American Teen,2017-04-27,4:04,83,47,41,0,52,9,8,-8,107,F Minor,4A,4,2022-02-11,52Qu0no0NBho3zyRmjlsHn
162,Location,Khalid,80,"pop, pop r&b",Pop,American Teen,2017-04-27,3:39,74,45,33,0,33,43,9,-11,80,C♯/D♭ Minor,12A,4,2022-02-11,152lZdxL1OR0ZMW6KquMif
163,Young Dumb & Broke,Khalid,82,"pop, pop r&b",Pop,American Teen,2017-04-27,3:22,80,54,20,0,39,4,17,-6,137,C♯/D♭ Major,3B,4,2022-02-11,5Z3GHaZ6ec9bsiI5BenrbY
164,American Teen,Khalid,70,"pop, pop r&b",Pop,American Teen,2017-04-27,4:10,66,62,7,0,21,4,32,-7,100,C Major,8B,4,2022-02-11,312WNtMs3F28cUukaPY9bo
165,Bonita,"Sebastián Romero,Una Canción Bonita",52,"mexican indie, cdmx indie",Latin,Conversaciones Ajenas en un Café,2019-05-17,3:39,75,52,59,1,61,5,13,-8,89,F#/G♭ Minor,11A,4,2022-02-11,6NVoa6ps1gPDUvVWAA1A0i
166,cliché,mxmtoon,66,"alt z, bedroom pop, indie pop, pop","Pop, Rock",plum blossom,2018-12-07,3:04,54,21,91,0,65,37,16,-18,95,C♯/D♭ Minor,12A,4,2022-02-11,2h3Q3wDxLNfBh0yX8d3jib
167,Sex,The 1975,49,"modern alternative rock, modern rock, pop, rock","Rock, Pop",The 1975 (Deluxe Version),2013,3:27,41,98,0,0,18,13,51,-4,148,D Major,10B,4,2022-02-11,2JFeVDbE3HZhY2E3oNReKh
168,Chocolate,The 1975,49,"modern alternative rock, modern rock, pop, rock","Rock, Pop",The 1975 (Deluxe Version),2013,3:44,61,94,0,0,61,6,37,-4,100,B Major,1B,4,2022-02-11,0IwP4xY3wS0uiGxgqGXgIN
169,The City,The 1975,45,"modern alternative rock, modern rock, pop, rock","Rock, Pop",The 1975 (Deluxe Version),2013,3:26,49,96,0,0,62,9,10,-5,95,C Major,8B,4,2022-02-11,0bmJ2sqxKOk0l36Ctd0Fcs
170,Brillas,León Larregui,78,"latin alternative, latin rock, rock en espanol",Latin,Solstis - De León Larregui,2012-01-01,3:46,63,43,38,0,27,4,25,-13,93,A Major,11B,4,2022-02-11,6VuUMo1TusnqBxLTnr3hOI
171,KEEP IT UP,Rex Orange County,78,"bedroom pop, pop",Pop,KEEP IT UP,2022-01-26,3:03,71,48,29,0,73,6,26,-7,150,G#/A♭ Major,4B,4,2022-02-11,0ioTTk5l0Zz7Oh48qEocgj
172,I Wanna Be Sedated,Ramones,69,"classic rock, early us punk, permanent wave, punk, rock, skate punk","Rock, Blues, Metal",Road to Ruin (40th Anniversary Deluxe Edition),1978,2:29,56,97,12,0,96,4,17,-2,163,B Major,1B,4,2022-02-11,5NoQvINZLBV1wMYPdNmReL
173,Rude Boy,Rihanna,0,"barbadian pop, dance pop, pop, pop rap, urban contemporary","Pop, Hip Hop",Rated R,2009-11-20,3:42,56,75,11,0,81,13,8,-4,174,B Major,1B,4,2022-02-11,5hlWtrnVUyAze5WkxF9P56
174,Love On The Brain,Rihanna,84,"barbadian pop, dance pop, pop, pop rap, urban contemporary","Pop, Hip Hop",ANTI (Deluxe),2016-01-28,3:44,51,64,7,0,38,5,8,-5,172,E Minor,9A,3,2022-02-11,5oO3drDxtziYU2H1X23ZIp
175,the 1,Taylor Swift,77,pop,Pop,folklore,2020-07-24,3:30,78,36,76,0,17,5,11,-7,140,C Major,8B,4,2022-02-11,0Jlcvv8IykzHaSmj49uNW8
176,Mi Buen Amor,"Mon Laferte,Bunbury",75,"latin, latin alternative, latin pop, latin rock, rock en espanol",Latin,La Trenza,2017-04-28,3:47,40,54,56,0,27,3,14,-5,99,G Major,9B,3,2022-02-11,28UP90XhjCovLtieduYr9P
177,Not That Girl,GIRLI,56,"alt z, dark pop, escape room, hyperpop, indie pop, pop","Pop, Rock",Not That Girl,2017-03-03,2:53,83,55,6,0,46,6,11,-6,93,C Major,8B,4,2022-02-11,0K3yTrwwypORX4m8tuWrwJ
178,Drops of Jupiter (Tell Me),Train,80,"dance pop, neo mellow, pop, pop rock","Pop, Folk/Acoustic",Drops Of Jupiter,2001-03-27,4:19,48,64,15,0,50,3,15,-6,79,C Major,8B,4,2022-02-11,2hKdd3qO7cWr2Jo0Bcs0MA
179,Nunca Es Tarde,Technicolor Fabrics,47,"guadalajara indie, indie rock mexicano, latin alternative, latin rock, mexican indie, mexican rock, rock en espanol",Latin,Querer Querer,2021-10-15,3:03,92,51,39,0,61,6,9,-9,130,G#/A♭ Major,4B,4,2022-02-11,4FHBc6Z61kNSrXVYFYDEwb
180,Globos,Technicolor Fabrics,58,"guadalajara indie, indie rock mexicano, latin alternative, latin rock, mexican indie, mexican rock, rock en espanol",Latin,Bahía Santiago,2015-06-23,4:20,54,88,10,8,72,6,8,-5,176,G Major,9B,4,2022-02-11,4utNmwmHfwvzPBT3kMtwEN
181,In Undertow,Alvvays,53,"dream pop, dreamo, indie pop, indie rock, shoegaze, toronto indie",Rock,Antisocialites,2017-09-08,3:17,36,69,0,0,31,4,10,-3,117,C♯/D♭ Major,3B,4,2022-02-11,1gvaxqNiJEbQzWPqs72kgG
182,Take A Bow,Rihanna,0,"barbadian pop, dance pop, pop, pop rap, urban contemporary","Pop, Hip Hop",Good Girl Gone Bad: Reloaded,2008-06-02,3:49,70,47,25,0,57,7,9,-8,82,A Major,11B,4,2022-02-11,3mmjD9G2HUUzDbFl3NRDLM
183,Pleaser,Wallows,73,"indie pop, modern rock, pop","Rock, Pop",Pleaser,2017-04-12,3:07,50,91,13,0,39,5,27,-4,149,A Major,11B,4,2022-02-11,11zf7m4vw9Ze7cer9Nyhk1
184,Procedimientos para Llegar a un Común Acuerdo,PXNDX,69,"emo mexicano, mexican pop punk, mexican rock, punk rock mexicano",Latin,Amantes Sunt Amentes,2006-10-02,3:14,34,92,0,0,58,8,23,-5,160,G#/A♭ Minor,1A,4,2022-02-11,4V1qXC1U9FIW8dBXXFIrCC
185,Distráete,Sous-Sol,49,indie triste,Latin,Mi Berrinche,2019-07-29,2:16,59,33,47,0,15,5,24,-11,120,G#/A♭ Major,4B,3,2022-02-11,2MSqVy6wb8k7jkMUeKBtZZ
186,we made it.,david hugo,65,"alt z, chill r&b, modern indie pop","R&B, Pop",Blossom Hill,2021-07-09,2:44,65,52,7,0,67,27,8,-8,176,F Major,7B,4,2022-02-11,0KpAm8TtyHPZmxdPO7npYO
187,betty,Taylor Swift,73,pop,Pop,folklore,2020-07-24,4:54,59,38,60,0,50,3,10,-9,96,C Major,8B,4,2022-02-11,5kI4eCXXzyuIUXjQra0Cxi
188,The Antidote,Simple Plan,65,"canadian pop punk, canadian punk, canadian rock, pop punk","Pop, Rock",The Antidote,2021-11-05,3:15,47,92,0,0,39,5,3,-4,152,C♯/D♭ Major,3B,4,2022-02-11,2LnsEYFfPwk6ueO2OCBNLA
189,Picture To Burn,Taylor Swift,58,pop,Pop,Taylor Swift,2006-10-24,2:53,66,88,17,0,82,3,10,-2,106,G Major,9B,4,2022-02-11,4BYejINgfZF0qKDMEH2cim
190,First Times,Ed Sheeran,78,"pop, uk pop",Pop,#ERROR!,2021-10-29,3:05,59,27,84,0,35,3,12,-9,99,G#/A♭ Major,4B,4,2022-02-11,5QYnNhTKsN3kE7OaqILA1U
191,Tides,Ed Sheeran,74,"pop, uk pop",Pop,#ERROR!,2021-10-29,3:15,63,83,2,0,43,4,12,-4,130,B Major,1B,3,2022-02-11,2JiHR4gCDjXwYVRDmwdk95
192,Dos Oruguitas,Sebastian Yatra,77,"colombian pop, reggaeton colombiano",Latin,Encanto (Banda Sonora Original en Español),2021-11-19,3:34,42,36,76,0,47,5,9,-11,94,C Major,8B,4,2022-02-11,0HFxZvViHzxYpavybvKVq9
193,Paraíso Lunar,Siddhartha,67,mexican indie,Latin,Paraíso Lunar,2021-10-01,3:45,45,55,0,0,58,3,12,-7,172,F#/G♭ Major,2B,4,2022-02-11,7uMBJGgc3QWdDQWBtBoPzj
194,Mejor,Technicolor Fabrics,33,"guadalajara indie, indie rock mexicano, latin alternative, latin rock, mexican indie, mexican rock, rock en espanol",Latin,Presente,2019-05-31,3:50,80,56,0,0,56,4,6,-9,114,G Major,9B,4,2022-02-11,402yZVB474H9vQxZphsZIA
195,Ser Parte,Siddhartha,64,mexican indie,Latin,Únicos,2016-09-23,4:17,51,87,1,1,66,6,10,-6,180,C♯/D♭ Minor,12A,3,2022-02-11,3ONxFMHXamgGmYLPHcwECM
196,Venus,Zoé,60,"latin alternative, latin rock, mexican rock, morelos indie, rock en espanol",Latin,Aztlán,2018-04-18,4:14,62,81,2,0,76,3,39,-5,118,E Minor,9A,4,2022-02-11,61og03io9xPCosu9rkgh1t
197,Pink Lemonade,The Wombats,51,"liverpool indie, modern alternative rock, modern rock, rock",Rock,Glitterbug,2015-04-07,3:46,56,96,0,0,82,8,36,-4,144,C Major,8B,4,2022-02-11,2QqfM19xb0tcmf9gOONcW7
198,Nevermind,Foster The People,52,"indietronica, modern rock, pop rock, rock","Pop, Rock",Supermodel,2014-03-14,5:17,49,83,21,0,36,3,10,-5,85,F#/G♭ Minor,11A,4,2022-02-11,4PZzEAYfBb26M5Fhm8xbZd
199,Afortunadamente No Eres Tu,Paty Cantú,67,"latin, latin arena pop, latin pop, mexican pop, pop","Latin, Pop",Afortunadamente No Eres Tu,2010-01-01,3:08,74,85,9,0,76,4,9,-7,131,A Major,11B,4,2022-02-11,4Nsa9NZJweWZGU3VKUZmIU
200,i <3 u,boy pablo,67,"bedroom pop, bergen indie, indie pop, norwegian indie","Pop, Dance/Electronic, Rock",Wachito Rico,2020-10-23,4:15,68,26,76,54,23,4,11,-13,87,A Major,11B,4,2022-02-11,5EcGSkkNBMAWOePvLgKde1
201,Sagittarius A*,Declan McKenna,43,"indie pop, modern alternative rock, modern rock, rock",Rock,Zeros,2020-09-04,3:57,60,87,1,0,45,4,12,-3,120,G Major,9B,4,2022-02-11,43w142058HbX2qsgwbOczu
202,I Think I,"Ben Kessler,Lizzy McAlpine",46,"gen z singer-songwriter, alt z, boston folk, indie pop, pop","Folk/Acoustic, Rock, Pop",I Think I,2021-09-10,2:49,56,49,44,1,50,4,17,-10,159,D#/E♭ Major,5B,3,2022-02-11,4v7shHT3eXpvBoG5k2OMIM
203,Freakin' Out On the Interstate,Briston Maroney,75,"indie pop, modern rock, nashville indie","Rock, Folk/Acoustic",Freakin' Out On The Interstate (Acoustic Version [Live]),2020-07-10,4:11,45,79,39,0,36,5,30,-5,144,E Major,12B,4,2022-02-11,0awZwmlC6pxH65KTZpadmX
204,Indiana,Hombres G,51,"latin, latin alternative, latin pop, latin rock, mexican pop, rock en espanol, spanish rock","Latin, Rock",Los Singles 1985-2005,2006-03-06,2:53,57,96,0,0,75,5,13,-4,167,G Major,9B,4,2022-02-11,6JqDuynlvAlI4QYvXqhY8P
205,CHICKEN TENDIES,Clinton Kane,53,"alt z, gen z singer-songwriter, pop",Pop,I GUESS I'M IN LOVE,2021-08-20,3:16,57,69,36,0,57,15,8,-6,100,G Major,9B,4,2022-02-11,4XVKU8l2gtSsI4vsx4F2My
206,Ambition,david hugo,49,"alt z, chill r&b, modern indie pop","R&B, Pop",Ambition,2021-09-01,2:49,76,47,24,0,51,18,14,-8,100,E Major,12B,4,2022-02-11,0GK4RUr5qBUPsOv8kWkK70
207,Television / So Far So Good,Rex Orange County,83,"bedroom pop, pop",Pop,Apricot Princess,2017-04-26,4:22,41,51,59,0,32,5,12,-8,165,F Major,7B,4,2022-02-11,5OUTFH5acycdnf8OVo21Gv
208,Butterfly Fly Away,"Miley Cyrus,Billy Ray Cyrus",65,"dance pop, pop, post-teen pop, country, country rock","Country, Pop",Hannah Montana The Movie,2009-01-01,3:09,61,28,73,0,47,3,29,-13,135,B Major,1B,4,2022-02-11,2ZTCl6wQMDSMfY4s8GHZdj
209,Love,Zoé,72,"latin alternative, latin rock, mexican rock, morelos indie, rock en espanol",Latin,Rocanlover,2003-11-19,3:23,69,51,21,0,74,4,8,-9,79,F#/G♭ Major,2B,4,2022-02-11,5tyznRXlcIx0XlQ7S8iCMW
210,Evergreen,"August Kamp,Joshua Bassett",51,"alt z, pop, post-teen pop, social media pop",Pop,19: The Musical,2019-07-05,3:05,62,39,77,0,31,3,8,-10,84,F#/G♭ Major,2B,4,2022-02-11,4DOmrSKXmDSM3Xk2AOMP2x
211,Sleepwalker,The Killers,51,"alternative rock, dance rock, modern rock, permanent wave, rock",Rock,Pressure Machine,2021-08-13,4:27,71,89,25,0,57,7,19,-5,138,A#/B♭ Major,6B,4,2022-02-11,48RuUiK70EkPPz6xTb7q03
212,Pressure Machine,The Killers,51,"alternative rock, dance rock, modern rock, permanent wave, rock",Rock,Pressure Machine,2021-08-13,5:09,59,54,22,1,54,3,16,-10,102,F#/G♭ Major,2B,4,2022-02-11,74LIbDJcyc1g3EZ7pmDjF9
213,Runaway Horses,"The Killers,Phoebe Bridgers",55,"alternative rock, dance rock, modern rock, permanent wave, rock, indie pop, la indie","Rock, Pop",Pressure Machine,2021-08-13,3:54,58,19,92,0,28,4,16,-16,97,A Major,11B,4,2022-02-11,1cxh6XXs2S8PzaEBaGSTn1
214,Meet Me At Our Spot,"THE ANXIETY,WILLOW,Tyler Cole",90,"modern alternative pop, afrofuturism, dance pop, electropop, pop, post-teen pop, bedroom soul","R&B, Pop, Rock",THE ANXIETY,2020-03-13,2:42,77,47,2,0,40,3,9,-8,95,D Major,10B,4,2022-02-11,07MDkzWARZaLEdKxo6yArG
215,Cleopatra,The Lumineers,69,"folk-pop, modern rock, pop, pop rock, stomp and holler","Folk/Acoustic, Rock, Pop",Cleopatra,2016-04-08,3:21,54,78,23,0,49,4,9,-7,151,G#/A♭ Major,4B,4,2022-02-11,5bzf1xrbqr1ttjAJuRz2xY
216,9teen (feat. Slush Puppy),"david hugo,Slush Puppy",43,"alt z, chill r&b, modern indie pop, socal indie","R&B, Pop",Blossom Hill,2021-07-09,2:40,86,54,14,0,86,13,7,-8,95,F#/G♭ Major,2B,4,2022-02-11,4ziapwOx17JTyfWcrEukBE
217,Amapolas,Leo Rizzi,80,,,Amapolas,2021-07-09,3:25,78,69,76,1,33,4,14,-8,124,E Minor,9A,4,2022-02-11,0z5yLgBmAtaylDYrgwzlpH
218,blind,ROLE MODEL,74,"alt z, bedroom pop, indie pop, pop","Pop, Rock",our little angel - EP,2020-10-21,2:33,77,66,14,0,69,7,9,-5,150,C Major,8B,4,2022-02-11,0NuWgxEp51CutD2pJoF4OM
219,Make Me Your Queen,Declan McKenna,63,"indie pop, modern alternative rock, modern rock, rock",Rock,What Do You Think About the Car?,2017-07-21,3:41,49,67,0,0,26,3,10,-6,125,D Major,10B,4,2022-02-11,5QJuMhGWTUB4t9BqR7ndL3
220,From Eden,Hozier,65,"irish singer-songwriter, pop","Folk/Acoustic, Pop",Hozier (Expanded Edition),2014-09-19,4:43,40,67,58,0,28,5,12,-6,142,C Major,8B,5,2022-02-11,5aRZk9oWIYUB5alrTs8TTV
221,Cherry Wine - Live,Hozier,70,"irish singer-songwriter, pop","Folk/Acoustic, Pop",Hozier (Expanded Edition),2014-09-19,4:00,42,11,95,0,23,4,10,-15,82,C♯/D♭ Major,3B,4,2022-02-11,1C042FLYy7rP3MfnkOcnha
222,That Funny Feeling,Bo Burnham,66,comic,Hip Hop,Inside (The Songs),2021-06-10,5:01,55,28,76,0,39,4,37,-12,76,E Major,12B,4,2022-02-11,7uCq4vBPffjaTMlE8EQzJD
223,The Adults Are Talking,The Strokes,81,"alternative rock, garage rock, modern rock, permanent wave, rock","Rock, Blues",The New Abnormal,2020-04-10,5:09,59,75,1,11,65,5,31,-6,165,F Major,7B,4,2022-02-11,5ruzrDWcT0vuJIOMW7gMnW
224,Slowly,"Natalia Lafourcade,Leiva",53,"latin alternative, latin pop, mexican pop, rock en espanol, veracruz indie, latin arena pop, spanish pop, spanish rock","Latin, Rock","Giralunas, Un Homenaje a L.E.Aute",2015-05-25,5:36,64,39,9,0,72,4,11,-14,164,C Major,8B,4,2022-02-11,32DRpZgrvQZddDkKF2DoTr
225,City Of Stars,Gavin James,52,"irish pop, neo mellow, pop, pop rock, viral pop","Pop, Folk/Acoustic",City Of Stars,2017-03-17,2:34,53,12,93,0,18,5,10,-11,117,F#/G♭ Major,2B,3,2022-02-11,4izE25w6PfpI4eRmzUmeEH
226,Angelina,Lizzy McAlpine,32,"alt z, boston folk, indie pop, pop","Folk/Acoustic, Rock, Pop",When The World Stopped Moving: The Live EP,2021-04-21,3:45,42,12,93,0,19,6,11,-16,170,B Major,1B,3,2022-02-11,4F30FT7ic362rA5sUujirY
227,Daughters,John Mayer,68,"neo mellow, pop, pop rock, singer-songwriter","Folk/Acoustic, Pop",Heavier Things,2003-09-09,3:57,67,41,84,0,50,3,10,-8,125,D Major,10B,3,2022-02-11,5FPnjikbwlDMULCCCa6ZCJ
228,Hypotheticals,Lake Street Dive,65,"boston rock, indie folk, new americana","Rock, Folk/Acoustic",Obviously,2021-03-12,3:50,69,66,1,1,38,6,5,-6,164,C♯/D♭ Major,3B,4,2022-02-11,5lE2EFXt4muvLFMGQg4hZN
229,Popular,Zoé,61,"latin alternative, latin rock, mexican rock, morelos indie, rock en espanol",Latin,Sonidos De Karmática Resonancia,2021-04-16,4:30,67,75,18,16,71,3,9,-6,132,G Major,9B,4,2022-02-11,3uEx77R6b16SAltboKfQjh
230,Mr. Perfectly Fine (Taylor’s Version) (From The Vault),Taylor Swift,72,pop,Pop,Fearless (Taylor's Version),2021-04-09,4:37,66,82,16,0,71,5,7,-6,136,B Minor,10A,4,2022-02-11,2CYVETnhM9aytqrazYYwrK
231,I Don't Wanna Be Okay Without You,Charlie Burg,73,"ann arbor indie, bedroom soul, chill r&b, indie pop","Folk/Acoustic, R&B, Rock",Live in Peter's Attic,2016-12-20,4:03,53,32,40,0,17,3,14,-7,63,F Major,7B,4,2022-02-11,5HKv1sFHbXgmXBih203HxT
232,Next To Me,Imagine Dragons,72,"modern rock, rock",Rock,Evolve,2017-06-23,3:50,30,67,28,0,38,6,6,-4,169,D Major,10B,3,2022-02-11,31VOknKjFrEX47bZXzqcoF
233,Wonderwall,Oasis,64,"beatlesque, britpop, madchester, permanent wave, rock","Folk/Acoustic, Rock",Upside Down: The Story Of Creation OST,2011-05-06,4:18,40,85,0,0,69,3,16,-6,175,D Major,10B,4,2022-02-11,4yBiZFLXn0n9AUJ5sWO88k
234,Leave The Door Open,"Bruno Mars,Anderson .Paak,Silk Sonic",86,"dance pop, pop, escape room,",Pop,Leave The Door Open,2021-03-05,4:02,59,62,18,0,72,3,9,-8,148,F Major,7B,4,2022-02-11,7MAibcTli4IisCtbHKrGMh
235,Never Coming Down,Willamette Stone,39,,,If I Stay (Original Motion Picture Soundtrack),2014-08-22,3:23,46,87,0,0,26,3,12,-5,101,G Major,9B,4,2022-02-11,3cdyjNKFN0tWP9Z8icNvcf
236,Heroes - 2017 Remaster,David Bowie,79,"art rock, classic rock, glam rock, permanent wave, rock",Rock,Heroes (2017 Remaster),1977,6:11,49,76,0,48,44,3,9,-6,112,G Major,9B,4,2022-02-11,7Jh1bpe76CNTCgdgAdBw4Z
237,Till Forever Falls Apart,"Ashe,FINNEAS",74,"alt z, electropop, pop, la indie",Pop,Till Forever Falls Apart,2021-03-02,3:42,51,50,41,0,28,3,7,-7,100,D Major,10B,4,2022-02-11,2769RhOZs0ezRncRW1vryp
238,She Lays Down,The 1975,52,"modern alternative rock, modern rock, pop, rock","Rock, Pop","I like it when you sleep, for you are so beautiful yet so unaware of it",2016-02-26,3:58,45,12,78,0,49,4,9,-22,111,G Major,9B,5,2022-02-11,7Esd9ROfkgPgBtWN72U5P5
239,Overdrive,Conan Gray,75,"bedroom pop, indie pop, pop","Pop, Rock",Overdrive,2021-02-19,3:03,57,79,1,0,46,4,14,-6,105,F Major,7B,4,2022-02-11,3QyoC6OvQUmpQwQZ18iaTs
240,The Kids Don't Wanna Come Home,Declan McKenna,48,"indie pop, modern alternative rock, modern rock, rock",Rock,What Do You Think About the Car?,2017-07-21,5:16,56,58,7,0,35,5,14,-7,122,G Major,9B,4,2022-02-11,4SNbjUefA4j0IO7UsEfpKq
241,Karpe Diem,Ed Maverick,58,"chihuahua indie, indie triste, mexican indie",Latin,mix pa llorar en tu cuarto,2018-03-02,3:23,75,32,71,0,47,3,15,-13,95,F Major,7B,4,2022-02-11,2Jpw6uRsDncpCYkvdrfTTk
242,Boys Don't Cry,The Cure,55,"new wave, permanent wave, rock, uk post-punk",Rock,Staring At The Sea - The Singles,1986-01-01,2:34,46,60,2,0,74,6,18,-14,170,B Minor,10A,4,2022-02-11,1YQCRXscu8xE74BVVMUCRr
243,Five More Minutes,Jonas Brothers,62,"boy band, dance pop, pop, post-teen pop",Pop,XV,2020-05-15,2:30,84,30,31,0,69,7,10,-8,94,E Major,12B,4,2022-02-11,0WxSQtLMCLcsAOhliamv5W
244,Do I Wanna Know?,Arctic Monkeys,87,"garage rock, permanent wave, rock, sheffield indie","Blues, Rock",AM,2013-09-09,4:32,55,53,19,0,41,3,22,-8,85,F Major,7B,4,2022-02-11,5FVd6KXrgO9B3JPmC8OPst
245,Stargazing,The Neighbourhood,79,"modern alternative rock, modern rock, pop","Rock, Pop",Chip Chrome & The Mono-Tones (Deluxe),2020-12-11,3:37,51,48,0,0,37,3,12,-8,160,C Major,8B,4,2022-02-11,0VF7YLIxSQKyNiFL3X6MmN
246,Loving Is Easy,"Rex Orange County,Benny Sings",78,"bedroom pop, pop, dutch pop, indie soul","Pop, R&B",Loving Is Easy,2017-10-11,2:35,76,61,22,0,54,5,10,-8,117,D#/E♭ Major,5B,4,2022-02-11,5EYi2rH4LYs6M21ZLOyQTx
247,Cigarette Daydreams,Cage The Elephant,1,"modern rock, punk blues, rock","Rock, Blues",Melophobia,2013-10-04,3:28,64,67,8,0,30,3,8,-3,114,D Major,10B,4,2022-02-11,6EThJr4Dq1Y93JspecGU2F
248,no song without you,HONNE,62,"pop, uk pop",Pop,no song without you,2020-06-12,2:41,78,46,46,58,82,4,11,-13,105,C Major,8B,4,2022-02-11,3KKUf8F2hktFscLgbH4YwR
249,It's Not The Same Anymore,Rex Orange County,74,"bedroom pop, pop",Pop,Pony,2019-10-25,6:26,67,32,87,0,36,3,11,-11,118,F Major,7B,4,2022-02-11,7vRia9rlEuTDQxkfXIKySi
250,Build Me Up Buttercup - Mono,The Foundations,76,"brill building pop, bubblegum pop, motown, rock-and-roll, soul","Pop, R&B, Rock",The Foundations,1968-01-01,2:57,66,51,32,0,86,3,28,-7,134,C Major,8B,4,2022-02-11,6sPOmDulFtLzfX25zICNrC
251,1980s Horror Film II,Wallows,64,"indie pop, modern rock, pop","Rock, Pop",1980s Horror Film II,2018-10-11,3:55,59,66,0,1,27,3,8,-5,116,D Major,10B,4,2022-02-11,3VzULnaqPKf1deQyZ5W4Ah
252,Magic In The Hamptons (feat. Lil Yachty),"Social House,Lil Yachty",77,"atl hip hop, hip hop, melodic rap, rap, trap, underground hip hop, viral rap",Hip Hop,Magic In The Hamptons (feat. Lil Yachty),2018-06-08,2:44,77,48,66,0,80,4,9,-5,96,C♯/D♭ Major,3B,4,2022-02-11,2Yer0p7uB2lVBUAtANuuQp
253,There Are Worse Things I Could Do - From “Grease”,Stockard Channing,57,hollywood,Easy listening,Grease (The Original Motion Picture Soundtrack),1978-04-04,2:23,49,25,86,0,16,3,10,-14,101,G Major,9B,3,2022-02-11,0pDB9JmbZxupqmZuuevxjS
254,Be Around Me,Will Joseph Cook,55,"indie pop, kent indie, modern alternative pop",Rock,Be Around Me,2020-09-09,3:01,75,70,8,0,81,6,44,-5,82,E Major,12B,4,2022-02-11,5MzNoRzcRrXH6kDtwnEAJD
255,Happiness,Rex Orange County,74,"bedroom pop, pop",Pop,Apricot Princess,2017-04-26,4:39,40,24,73,0,20,3,16,-10,106,F Major,7B,3,2022-02-11,2rXVtoLBHuXcNB5DVfIc9p
256,Pluto Projector,Rex Orange County,81,"bedroom pop, pop",Pop,Pony,2019-10-25,4:27,38,22,71,0,19,3,12,-11,80,F Major,7B,4,2022-02-11,4EWBhKf1fOFnyMtUzACXEc
257,A Letter To Elise,The Cure,58,"new wave, permanent wave, rock, uk post-punk",Rock,Wish,1992-01-01,5:12,53,59,19,0,80,3,20,-13,150,A Major,11B,4,2022-02-11,7mEGddVRDdESAibWOnbXoA
258,Friday I'm In Love,The Cure,77,"new wave, permanent wave, rock, uk post-punk",Rock,Wish,1992-01-01,3:35,53,76,0,0,51,3,36,-13,136,C Minor,5A,4,2022-02-11,4QlzkaRHtU8gAdwqjWmO8n
259,Everybody Wants To Rule The World,Tears For Fears,84,"new romantic, new wave, new wave pop, permanent wave, rock, soft rock, sophisti-pop, synthpop","Rock, Pop",Songs From The Big Chair (Super Deluxe Edition),1985-02-25,4:11,65,80,35,0,54,5,10,-12,112,G Major,9B,4,2022-02-11,4RvWPyQ5RL0ao9LPZeSouE
260,Let's Fall in Love for the Night,FINNEAS,76,"alt z, electropop, la indie, pop",Pop,Let’s Fall In Love For The Night,2018-10-19,3:10,74,41,80,0,37,10,17,-8,128,F Major,7B,4,2022-02-11,7kQkmyoHCEqwe7QwDbkSXM
261,Drunk on Halloween,Wallows,61,"indie pop, modern rock, pop","Rock, Pop",Drunk on Halloween,2018-10-12,3:57,63,63,23,0,77,2,9,-4,101,F#/G♭ Major,2B,4,2022-02-11,0z9dPcBhJvqO06QMaKelUE
262,Juice,Lizzo,77,"dance pop, escape room, minnesota hip hop, pop, trap queen","Pop, Hip Hop, R&B",Cuz I Love You,2019-04-19,3:15,77,89,1,0,84,10,40,-3,120,G Major,9B,4,2022-02-11,0k664IuFwVP557Gnx7RhIl
263,Brazil,Declan McKenna,74,"indie pop, modern alternative rock, modern rock, rock",Rock,What Do You Think About the Car?,2017-07-21,4:12,69,62,9,0,67,3,9,-5,121,E Major,12B,4,2022-02-11,4sNG6zQBmtq7M8aeeKJRMQ
264,I Was Made For Loving You,"Tori Kelly,Ed Sheeran",43,"dance pop, pop, post-teen pop, uk pop",Pop,Unbreakable Smile,2015-06-23,3:08,37,34,36,0,22,3,10,-12,106,D Major,10B,5,2022-02-11,4XbQLaWyFkXTwPK33kxWQJ
265,Burnin' Up,Jonas Brothers,0,"boy band, dance pop, pop, post-teen pop",Pop,A Little Bit Longer,2008-08-12,2:55,67,95,3,0,81,8,33,-3,114,D Major,10B,4,2022-02-11,72jGj8k9C7DIQesDYenUT3
266,TQM,"Little Jesus,Ximena Sariñana,Elsa y Elmar",0,"indie rock mexicano, latin alternative, latin rock, mexican indie, mexican rock, latin, latin pop, mexican pop, colombian indie, colombian pop, r&b en espanol","Latin, R&B",Río Salvaje,2016-06-17,5:19,58,39,1,1,24,3,33,-9,105,G Major,9B,3,2022-02-11,5jpzs443nFQHRJ6RmMW4uo
267,Vienna,Billy Joel,77,"classic rock, folk rock, mellow gold, piano rock, rock, singer-songwriter, soft rock","Rock, Pop, Folk/Acoustic",The Stranger (Legacy Edition),1977,3:34,53,50,66,0,31,3,8,-7,125,A#/B♭ Major,6B,4,2022-02-11,4U45aEWtQhrm8A5mxPaFZ7
268,One Day,Kodaline,0,"irish pop, modern rock, pop, pop rock","Pop, Rock",In A Perfect World (Deluxe),2013-06-14,4:15,48,75,8,0,32,3,11,-6,96,D#/E♭ Major,5B,4,2022-02-11,1nqJvzF8URpip2qbg8izYb
269,Moving On,Kodaline,62,"irish pop, modern rock, pop, pop rock","Pop, Rock",Coming Up for Air (Expanded Edition),2015-02-09,4:25,54,38,88,0,18,4,7,-11,81,G Major,9B,4,2022-02-11,3QFCL0dqEzXFIWlqWiVDJU
270,Canyon Moon,Harry Styles,73,pop,Pop,Fine Line,2019-12-13,3:09,60,62,33,0,70,3,12,-7,94,D Major,10B,4,2022-02-11,5IhzJOXNE7ki0IIJbZbnGq
271,Make You Mine,PUBLIC,80,indie rockism,Rock,Make You Mine,2019-08-09,3:52,61,80,1,0,64,3,15,-4,103,A Major,11B,4,2022-02-11,5iFwAOB2TFkPJk8sMlxP8g
272,Just Another Girl,The Killers,66,"alternative rock, dance rock, modern rock, permanent wave, rock",Rock,Direct Hits,2013-01-01,4:22,55,78,0,1,16,3,14,-5,137,C♯/D♭ Major,3B,4,2022-02-11,3aVyHFxRkf8lSjhWdJ68AW
273,Be Still,The Killers,56,"alternative rock, dance rock, modern rock, permanent wave, rock",Rock,Battle Born,2012-09-17,4:33,55,25,59,0,4,3,9,-9,144,D#/E♭ Major,5B,4,2022-02-11,1B5tiGNcOHERcXcBHiL6Xs
274,Crush Culture,Conan Gray,71,"bedroom pop, indie pop, pop","Pop, Rock",Sunset Season,2018-11-16,3:24,52,77,15,0,46,19,9,-5,180,C Major,8B,4,2022-02-11,2sHwSBNDZN2yjCtgwStYt1
275,This City,Sam Fischer,0,"alt z, australian pop, dance pop, pop, tropical house, uk pop","Pop, Dance/Electronic",This City,2018-01-17,3:14,60,38,73,0,52,4,8,-6,74,B Major,1B,4,2022-02-11,7kF3x1XJXGcgQWFemulw4q
276,Yellow Hearts,Ant Saunders,0,"chill r&b, pop","R&B, Pop",Yellow Hearts,2019-06-18,3:43,87,40,12,0,71,7,7,-11,129,G Major,9B,4,2022-02-11,20JtELGPfOAMq7FpUt8eSM
277,Barcelona,George Ezra,1,"folk-pop, modern rock, neo-singer-songwriter, pop, pop rock","Folk/Acoustic, Rock, Pop",Wanted on Voyage,2014-06-27,3:08,63,58,29,0,17,3,11,-9,94,F Major,7B,4,2022-02-11,1yJZwBqTyGTB7mz8nZyiel
278,1950,King Princess,76,"alt z, art pop, dance pop, electropop, indie pop, indie poptimism, nyc pop, pop","Pop, Rock",1950,2018-02-23,3:45,60,54,65,0,27,11,16,-7,72,E Major,12B,4,2022-02-11,0CZ8lquoTX2Dkg7Ak2inwA
279,Let It Go,James Bay,74,"modern rock, neo mellow, pop, pop rock","Rock, Folk/Acoustic, Pop",Chaos And The Calm,2014-12-15,4:20,55,31,82,0,25,3,11,-10,147,C♯/D♭ Major,3B,4,2022-02-11,13HVjjWUZFaWilh2QUJKsP
280,Dissolve,Absofacto,72,"indie psych-pop, shimmer psych","Rock, Pop",Thousand Peaces,2017-11-03,3:44,69,58,23,0,87,5,7,-11,85,F#/G♭ Minor,11A,4,2022-02-11,7pBrj5rt4SSxXwFKOyZfHR
281,Budapest,George Ezra,1,"folk-pop, modern rock, neo-singer-songwriter, pop, pop rock","Folk/Acoustic, Rock, Pop",Wanted on Voyage,2015-01-20,3:20,72,46,8,0,39,3,11,-8,128,F Major,7B,4,2022-02-11,7q0aQpiLv5tIsupcgQ3Ny4
282,Lo Que Construimos,Natalia Lafourcade,74,"latin alternative, latin pop, mexican pop, rock en espanol, veracruz indie",Latin,Hasta la Raíz (Edición Especial),2015-11-13,4:39,67,29,77,0,55,3,11,-10,128,C Major,8B,4,2022-02-11,5wWxUdgn2OugIOvLJOdreH